{
    "_name_or_path": "bert-large-uncased",
    "architectures": [
      "BertForMaskedLM"
    ],

    "quantization": {
      "train": true,
      "eval": false
    },

    "attention_probs_dropout_prob": 0.0,
    "classifier_dropout": 0.0,
    "gradient_checkpointing": false,
    "hidden_act": "gelu_10",
    "hidden_dropout_prob": 0.0,
    "hidden_size": 1024,
    "id2label": {
      "0": 0,
      "1": 1
    },
    "initializer_range": 0.02,
    "intermediate_size": 4096,
    "label2id": {
      "0": 0,
      "1": 1
    },
    "layer_norm_eps": 1e-12,
    "max_position_embeddings": 512,
    "model_type": "bert",
    "num_attention_heads": 16,
    "num_hidden_layers": 24,
    "pad_token_id": 0,
    "position_embedding_type": "absolute",
    "transformers_version": "4.17.0",
    "type_vocab_size": 2,
    "use_cache": true,
    "vocab_size": 30522
}